[
  {
    "fullName": "Pushpak patel",
    "age": "28",
    "dateOfBirth": "2024-03-30",
    "numberOfClasses": "54",
    "id": 9
  },
  {
    "fullName": "Akash",
    "age": "26",
    "dateOfBirth": "2024-03-22",
    "numberOfClasses": "34",
    "id": 10
  },
  {
    "fullName": "Ankush",
    "age": "24",
    "dateOfBirth": "2024-02-28",
    "numberOfClasses": "43",
    "id": 11
  },
  {
    "fullName": "Pintu",
    "age": "24",
    "dateOfBirth": "2024-03-15",
    "numberOfClasses": "8",
    "id": 12
  },
  {
    "fullName": "chetan",
    "age": "26",
    "dateOfBirth": "2024-03-21",
    "numberOfClasses": "3",
    "id": 13
  }
]